form.health_centre_information.capacity.number_consultation_rooms,form.health_centre_information.capacity.number_inpatient_beds,form.health_centre_information.capacity.number_maternity_beds,form.health_centre_information.group_number_employed.list_community_health_officer.cho_number_in_post,form.health_centre_information.group_number_employed.list_community_health_officer.cho_number_present_at_visit,form.health_centre_information.group_number_employed.list_community_health_technician.cht_number_in_post,form.health_centre_information.group_number_employed.list_community_health_technician.cht_number_present_at_visit,form.health_centre_information.group_number_employed.list_community_health_assistant.cha_number_in_post,form.health_centre_information.group_number_employed.list_community_health_assistant.cha_number_present_at_visit,form.health_centre_information.group_number_employed.list_community_midwives.cm_number_in_post,form.health_centre_information.group_number_employed.list_community_midwives.cm_number_present_at_visit,form.health_centre_information.group_number_employed.list_sechn.sechn_number_in_post,form.health_centre_information.group_number_employed.list_sechn.sechn_number_present_at_visit,form.health_centre_information.group_number_employed.list_laboratory_technicians.lab_tech_number_in_post,form.health_centre_information.group_number_employed.list_laboratory_technicians.lab_tech_number_present_at_visit,form.health_centre_information.group_number_employed.list_mch_aides.mch_aides_number_in_post,form.health_centre_information.group_number_employed.list_mch_aides.mch_aides_number_present_at_visit,form.health_centre_information.group_number_employed.list_cleaner_porter.cleaner_porter_number_in_post,form.health_centre_information.group_number_employed.list_cleaner_porter.cleaner_porter_number_present_at_visit,form.health_centre_information.group_number_employed.list_other.other_number_in_post,form.health_centre_information.group_number_employed.list_other.other_number_present_at_visit,form.consultations.head_count.month_1,form.consultations.head_count.month_2,form.consultations.head_count.month_3,form.consultations.head_count.month_4,form.consultations.general_outpatient.month_1,form.consultations.general_outpatient.month_2,form.consultations.general_outpatient.month_3,form.consultations.general_outpatient.month_4,form.consultations.deliveries.month_1,form.consultations.deliveries.month_2,form.consultations.deliveries.month_3,form.consultations.deliveries.month_4,form.consultations.pent_vaccines.month_1,form.consultations.pent_vaccines.month_2,form.consultations.pent_vaccines.month_3,form.consultations.head_count.monthly_average_head_counts,form.consultations.general_outpatient.monthly_average_general_outpatient,form.consultations.deliveries.monthly_average_deliveries,form.consultations.pent_vaccines.monthly_average_pent_vaccines,form.ql_human_resources.score_human_resources,form.ql_information_education_communication.score_information_education_communication,form.ql_surveillance.score_surveillance,form.ql_triage_and_early_recognition.score_triage_and_early_recognition,form.ql_chw.score_chw,form.ql_isolation_physical_distancing.score_isolation,form.grp_infection_prevention_and_control.ql_ppe.score_infection_prevention_and_control_ppe,form.grp_infection_prevention_and_control.ql_ppe_plan.score_infection_prevention_and_control_ppe_plan,form.grp_infection_prevention_and_control.ql_waste_collection_and_disposal.score_infection_prevention_and_control_waste_collection_and_disposal,form.grp_infection_prevention_and_control.ql_water_sanitation_and_hygiene.score_infection_prevention_and_control_water_sanitation_and_hygiene,form.grp_infection_prevention_and_control.ql_disinfection_and_sterilization.score_infection_prevention_and_control_disinfection_and_sterilization,form.grp_infection_prevention_and_control.score_infection_prevention_and_control
1.0,0.0,1.0,1.0,0.0,0.0,0.0,0.0,0.0,0.0,0.0,0.0,0.0,0.0,0.0,2.0,1.0,1.0,0.0,4.0,0.0,221.0,225.0,304.0,217.0,144.0,151.0,158.0,145.0,19.0,20.0,21.0,18.0,12.0,10.0,18.0,241.75,149.5,19.5,15.0,2.0,6.0,4.0,3.0,1.5,2.0,3.0,1.0,1.5,4.0,1.0,10.5
1.0,1.0,2.0,0.0,0.0,0.0,0.0,1.0,0.0,0.0,0.0,2.0,2.0,0.0,0.0,2.0,2.0,0.0,0.0,13.0,5.0,270.0,238.0,245.0,269.0,178.0,155.0,171.0,182.0,15.0,15.0,17.0,16.0,18.0,16.0,19.0,255.5,171.5,15.75,17.25,1.5,3.0,2.5,0.5,1.0,0.5,3.0,0.0,1.0,1.5,0.0,5.5
2.0,1.0,1.0,1.0,0.0,0.0,0.0,0.0,0.0,1.0,0.0,2.0,0.0,0.0,0.0,2.0,2.0,2.0,1.0,18.0,3.0,748.0,604.0,405.0,576.0,466.0,474.0,338.0,418.0,9.0,13.0,7.0,7.0,18.0,22.0,24.0,583.25,424.0,9.0,19.75,3.0,4.0,2.5,0.5,1.0,1.0,5.5,1.0,1.5,2.0,0.0,10.0
1.0,2.0,3.0,0.0,0.0,0.0,0.0,0.0,0.0,0.0,0.0,0.0,0.0,0.0,0.0,3.0,3.0,0.0,0.0,0.0,0.0,79.0,93.0,101.0,21.0,144.0,88.0,101.0,121.0,7.0,5.0,11.0,3.0,5.0,5.0,6.0,73.5,113.5,6.5,5.75,1.0,1.0,3.0,2.0,2.0,2.0,5.5,0.5,0.0,4.0,2.0,12.0
3.0,1.0,1.0,0.0,0.0,0.0,0.0,0.0,0.0,0.0,0.0,3.0,2.0,0.0,0.0,1.0,1.0,1.0,1.0,0.0,0.0,928.0,900.0,467.0,177.0,165.0,399.0,408.0,198.0,4.0,5.0,4.0,5.0,3.0,5.0,4.0,618.0,292.5,4.5,3.25,2.5,0.0,3.0,2.0,3.0,3.0,3.0,0.5,1.5,4.0,3.0,12.0
1.0,0.0,1.0,0.0,0.0,0.0,0.0,1.0,1.0,0.0,0.0,0.0,0.0,0.0,0.0,2.0,0.0,1.0,0.0,2.0,1.0,358.0,308.0,452.0,267.0,128.0,144.0,124.0,137.0,15.0,13.0,13.0,17.0,20.0,19.0,20.0,346.25,133.25,14.5,19.5,3.5,7.0,4.0,2.5,3.5,3.0,4.5,1.0,0.0,1.0,2.0,8.5
1.0,2.0,2.0,1.0,0.0,0.0,0.0,1.0,1.0,0.0,0.0,1.0,1.0,0.0,0.0,2.0,2.0,2.0,0.0,0.0,0.0,293.0,304.0,345.0,190.0,166.0,178.0,190.0,163.0,7.0,0.0,10.0,18.0,14.0,18.0,22.0,283.0,174.25,8.75,17.25,2.0,2.0,3.0,4.0,2.0,3.0,0.5,1.5,1.0,3.0,1.0,7.0
2.0,2.0,2.0,2.0,2.0,2.0,2.0,1.0,1.0,1.0,1.0,1.0,1.0,0.0,0.0,2.0,1.0,1.0,1.0,1.0,1.0,431.0,457.0,329.0,345.0,196.0,177.0,146.0,140.0,11.0,11.0,8.0,9.0,21.0,11.0,19.0,390.5,164.75,9.75,16.75,3.5,6.0,1.5,4.0,2.5,3.5,7.0,2.0,4.0,2.5,4.0,19.5
1.0,1.0,2.0,0.0,0.0,0.0,0.0,0.0,0.0,0.0,0.0,0.0,0.0,0.0,0.0,2.0,2.0,0.0,0.0,4.0,4.0,168.0,215.0,181.0,252.0,127.0,87.0,114.0,101.0,5.0,6.0,10.0,5.0,14.0,11.0,10.0,204.0,107.25,6.5,11.0,0.0,0.0,0.0,0.0,0.0,0.0,0.0,0.0,0.0,0.0,0.0,0.0
3.0,6.0,2.0,1.0,1.0,0.0,0.0,0.0,0.0,1.0,1.0,1.0,1.0,1.0,1.0,2.0,2.0,2.0,2.0,6.0,6.0,1.0,2.0,3.0,4.0,1.0,2.0,3.0,4.0,1.0,2.0,5.0,5.0,1.0,2.0,2.0,2.5,2.5,3.25,2.0,2.5,7.0,4.0,4.0,5.0,3.0,6.5,3.0,3.5,4.0,3.5,20.5
3.0,6.0,0.0,1.0,1.0,0.0,0.0,0.0,0.0,0.0,0.0,2.0,1.0,1.0,1.0,0.0,0.0,0.0,0.0,0.0,0.0,376.0,321.0,311.0,200.0,174.0,135.0,161.0,106.0,7.0,12.0,12.0,8.0,11.0,15.0,11.0,302.0,144.0,9.75,14.75,2.5,5.0,2.0,3.0,2.0,1.0,4.0,3.0,3.0,3.0,0.5,13.5
1.0,0.0,6.0,1.0,0.0,0.0,0.0,0.0,0.0,1.0,0.0,3.0,2.0,1.0,0.0,1.0,1.0,1.0,1.0,1.0,1.0,524.0,397.0,640.0,297.0,288.0,237.0,291.0,209.0,23.0,17.0,18.0,21.0,16.0,17.0,15.0,464.5,256.25,19.75,14.75,4.5,7.0,4.0,3.0,1.5,3.5,4.0,3.5,3.0,1.0,3.5,15.0
2.0,4.0,2.0,0.0,0.0,0.0,0.0,0.0,0.0,0.0,0.0,1.0,1.0,0.0,0.0,2.0,2.0,0.0,0.0,4.0,2.0,180.0,167.0,176.0,172.0,14.0,11.0,49.0,25.0,5.0,7.0,6.0,6.0,12.0,7.0,4.0,173.75,24.75,6.0,9.0,3.0,6.0,2.0,1.0,4.0,2.0,5.5,1.0,2.0,5.0,4.0,17.5
1.0,0.0,2.0,0.0,0.0,0.0,0.0,0.0,0.0,0.0,0.0,0.0,0.0,0.0,0.0,2.0,1.0,0.0,0.0,0.0,0.0,438.0,420.0,459.0,390.0,199.0,158.0,249.0,181.0,12.0,16.0,14.0,14.0,7.0,11.0,7.0,426.75,196.75,14.0,10.25,2.5,7.0,1.0,0.5,2.0,2.0,8.5,2.0,4.0,2.5,1.5,18.5
2.0,1.0,1.0,0.0,0.0,0.0,0.0,0.0,0.0,0.0,0.0,1.0,0.0,0.0,0.0,2.0,2.0,1.0,0.0,3.0,0.0,286.0,282.0,178.0,224.0,114.0,115.0,152.0,155.0,3.0,6.0,10.0,7.0,9.0,9.0,7.0,242.5,134.0,6.5,7.75,2.0,1.0,3.0,0.5,2.0,1.0,2.0,0.0,0.0,1.0,0.5,3.5
4.0,5.0,4.0,1.0,0.0,0.0,0.0,0.0,0.0,2.0,1.0,7.0,3.0,0.0,0.0,7.0,3.0,0.0,0.0,2.0,0.0,1148.0,931.0,997.0,874.0,567.0,462.0,504.0,402.0,26.0,32.0,28.0,28.0,37.0,42.0,42.0,987.5,483.75,28.5,38.5,1.0,1.0,3.0,3.5,3.0,2.0,2.0,0.0,1.5,2.0,2.0,7.5
1.0,6.0,1.0,0.0,0.0,0.0,0.0,0.0,0.0,0.0,0.0,0.0,0.0,0.0,0.0,2.0,2.0,2.0,2.0,1.0,1.0,206.0,167.0,165.0,176.0,93.0,83.0,82.0,108.0,15.0,19.0,9.0,20.0,10.0,37.0,11.0,178.5,91.5,15.75,18.75,1.0,2.0,3.5,0.0,0.0,0.0,1.5,0.5,1.5,0.5,1.0,5.0
3.0,2.0,1.0,2.0,0.0,0.0,0.0,0.0,0.0,2.0,1.0,3.0,0.0,4.0,1.0,7.0,1.0,1.0,0.0,1.0,0.0,288.0,411.0,0.0,127.0,169.0,150.0,127.0,145.0,15.0,13.0,11.0,10.0,10.0,17.0,12.0,1251.5,144.0,12.0,13.25,0.0,1.0,1.5,0.5,0.0,2.0,0.0,0.0,2.0,1.5,0.5,4.0
1.0,1.0,1.0,0.0,0.0,0.0,0.0,1.0,1.0,0.0,0.0,0.0,0.0,0.0,0.0,1.0,1.0,3.0,3.0,16.0,0.0,332.0,279.0,228.0,170.0,540.0,606.0,523.0,343.0,10.0,13.0,13.0,7.0,23.0,24.0,21.0,252.25,503.0,10.75,18.5,4.0,1.0,2.5,4.0,2.0,3.0,1.5,0.5,1.0,2.0,0.0,5.0
2.0,0.0,1.0,1.0,1.0,0.0,0.0,1.0,1.0,1.0,0.0,0.0,0.0,0.0,0.0,2.0,2.0,0.0,0.0,0.0,0.0,472.0,473.0,713.0,375.0,371.0,645.0,888.0,376.0,16.0,20.0,22.0,15.0,10.0,15.0,18.0,508.25,570.0,18.25,13.0,2.0,3.0,2.0,3.0,3.0,3.0,4.0,0.0,1.0,2.0,1.0,8.0
2.0,3.0,2.0,0.0,0.0,0.0,0.0,0.0,0.0,0.0,0.0,2.0,1.0,0.0,0.0,3.0,3.0,0.0,0.0,0.0,0.0,693.0,649.0,733.0,542.0,439.0,522.0,513.0,344.0,25.0,18.0,20.0,15.0,34.0,32.0,20.0,654.25,454.5,19.5,29.5,2.0,6.0,3.0,0.0,1.5,0.5,2.0,0.5,1.0,1.5,1.0,6.0
1.0,0.0,1.0,0.0,0.0,0.0,0.0,0.0,0.0,0.0,0.0,0.0,0.0,0.0,0.0,4.0,4.0,0.0,0.0,0.0,0.0,289.0,234.0,221.0,310.0,195.0,161.0,164.0,135.0,14.0,15.0,7.0,11.0,17.0,7.0,5.0,263.5,163.75,11.75,9.5,1.0,5.0,2.0,2.5,4.0,1.0,9.0,0.5,2.5,0.5,0.0,12.5
1.0,2.0,1.0,0.0,0.0,0.0,0.0,0.0,0.0,0.0,0.0,0.0,0.0,0.0,0.0,3.0,2.0,1.0,1.0,4.0,0.0,388.0,153.0,180.0,183.0,133.0,30.0,21.0,55.0,18.0,10.0,14.0,14.0,17.0,18.0,12.0,226.0,59.75,14.0,16.5,0.5,1.0,0.5,1.0,0.5,3.0,1.0,0.5,1.0,0.5,0.5,3.5
2.0,4.0,2.0,1.0,1.0,0.0,0.0,0.0,0.0,1.0,1.0,1.0,1.0,1.0,1.0,1.0,1.0,2.0,2.0,7.0,7.0,379.0,385.0,303.0,127.0,174.0,159.0,171.0,199.0,9.0,7.0,7.0,10.0,12.0,20.0,9.0,298.5,175.75,8.25,11.25,2.5,6.0,2.5,3.5,5.0,4.0,4.0,3.0,3.0,1.5,2.5,14.0
2.0,0.0,3.0,0.0,0.0,0.0,0.0,0.0,0.0,0.0,0.0,0.0,0.0,0.0,0.0,3.0,3.0,2.0,2.0,0.0,0.0,368.0,416.0,383.0,440.0,136.0,154.0,149.0,281.0,10.0,10.0,11.0,11.0,10.0,9.0,10.0,401.75,180.0,10.5,9.75,1.5,5.0,4.0,4.5,2.0,2.5,2.0,1.5,2.0,2.5,0.5,8.5
2.0,3.0,1.0,2.0,2.0,0.0,0.0,1.0,1.0,0.0,0.0,0.0,0.0,0.0,0.0,1.0,1.0,0.0,3.0,2.0,2.0,365.0,288.0,216.0,407.0,161.0,135.0,197.0,167.0,4.0,6.0,5.0,6.0,7.0,9.0,6.0,319.0,165.0,5.25,8.0,3.0,5.0,3.0,0.5,1.0,1.5,2.5,1.5,2.0,3.0,2.0,11.0
2.0,2.0,2.0,0.0,0.0,0.0,0.0,1.0,1.0,0.0,0.0,0.0,0.0,0.0,0.0,3.0,3.0,2.0,2.0,17.0,0.0,443.0,452.0,461.0,515.0,483.0,492.0,461.0,505.0,6.0,10.0,8.0,8.0,12.0,17.0,16.0,467.75,485.25,8.0,15.0,2.5,3.0,2.0,2.5,2.5,3.5,2.5,0.0,0.0,2.5,0.5,5.5
1.0,1.0,1.0,7.0,0.0,0.0,0.0,0.0,0.0,0.0,0.0,0.0,0.0,0.0,0.0,2.0,2.0,0.0,0.0,0.0,0.0,224.0,288.0,218.0,421.0,246.0,309.0,300.0,234.0,13.0,16.0,17.0,13.0,12.0,14.0,15.0,287.75,272.25,14.75,11.25,3.0,2.0,2.0,3.0,2.0,3.0,2.5,1.0,0.5,0.5,2.0,6.5
1.0,1.0,1.0,0.0,0.0,0.0,0.0,0.0,0.0,0.0,0.0,0.0,0.0,0.0,0.0,1.0,0.0,0.0,0.0,1.0,1.0,0.0,0.0,0.0,0.0,0.0,0.0,0.0,0.0,0.0,0.0,0.0,0.0,0.0,0.0,0.0,0.0,0.0,0.0,0.0,3.5,6.0,3.5,2.0,2.5,1.5,4.5,3.0,2.0,5.0,2.0,16.5
2.0,0.0,3.0,0.0,0.0,0.0,0.0,0.0,0.0,0.0,0.0,3.0,2.0,0.0,0.0,3.0,3.0,0.0,0.0,0.0,0.0,780.0,805.0,760.0,1044.0,363.0,448.0,340.0,403.0,40.0,37.0,28.0,29.0,34.0,39.0,35.0,847.25,388.5,33.5,35.75,2.0,3.0,3.0,3.5,2.5,3.5,0.0,2.5,4.0,1.0,2.0,9.5
1.0,0.0,2.0,0.0,0.0,0.0,0.0,0.0,0.0,0.0,0.0,2.0,1.0,0.0,0.0,0.0,0.0,1.0,1.0,0.0,0.0,288.0,243.0,283.0,141.0,189.0,145.0,145.0,90.0,11.0,7.0,16.0,2.0,12.0,11.0,26.0,238.75,142.25,9.0,12.25,2.5,1.0,3.0,1.5,1.0,2.0,4.5,2.5,2.0,0.5,1.5,11.0
3.0,6.0,5.0,0.0,0.0,0.0,0.0,1.0,1.0,0.0,0.0,0.0,0.0,0.0,0.0,2.0,2.0,2.0,2.0,3.0,3.0,268.0,218.0,277.0,319.0,163.0,150.0,197.0,175.0,11.0,6.0,13.0,15.0,10.0,13.0,22.0,270.5,171.25,11.25,14.0,2.0,7.0,4.0,3.0,4.5,3.0,7.0,4.0,0.0,0.5,3.0,14.5
1.0,1.0,1.0,0.0,0.0,0.0,0.0,0.0,0.0,0.0,0.0,0.0,0.0,0.0,0.0,2.0,2.0,1.0,1.0,1.0,1.0,319.0,326.0,244.0,227.0,179.0,157.0,123.0,108.0,8.0,13.0,13.0,14.0,8.0,17.0,6.0,279.0,141.75,12.0,9.5,4.0,7.0,3.0,4.0,4.5,3.0,6.0,4.0,1.0,0.5,3.5,15.0
1.0,3.0,1.0,0.0,0.0,0.0,0.0,2.0,1.0,0.0,0.0,1.0,1.0,0.0,0.0,2.0,2.0,1.0,0.0,2.0,0.0,545.0,858.0,699.0,1220.0,200.0,216.0,220.0,200.0,30.0,27.0,25.0,27.0,17.0,16.0,17.0,830.5,209.0,27.25,20.0,5.0,7.0,4.0,5.0,5.0,4.0,4.0,1.0,2.5,2.0,0.5,10.0
2.0,0.0,0.0,0.0,0.0,0.0,0.0,0.0,0.0,0.0,0.0,0.0,0.0,0.0,0.0,3.0,3.0,1.0,0.0,0.0,0.0,171.0,166.0,139.0,136.0,118.0,103.0,93.0,103.0,13.0,10.0,12.0,14.0,8.0,5.0,8.0,153.0,104.25,12.25,8.0,1.0,6.0,3.0,1.5,0.5,0.0,6.5,0.5,2.5,2.0,2.0,13.5
3.0,3.0,1.0,1.0,0.0,0.0,0.0,0.0,0.0,1.0,1.0,0.0,0.0,0.0,0.0,0.0,0.0,0.0,0.0,0.0,0.0,1840.0,2330.0,2309.0,1658.0,1257.0,1197.0,1182.0,803.0,16.0,16.0,16.0,19.0,61.0,18.0,48.0,2034.25,1109.75,16.75,41.0,2.0,4.0,3.0,0.5,2.0,3.0,1.5,2.0,2.0,1.0,0.5,7.0
1.0,4.0,1.0,0.0,0.0,0.0,0.0,0.0,0.0,0.0,0.0,1.0,1.0,0.0,0.0,1.0,1.0,0.0,0.0,0.0,0.0,293.0,129.0,257.0,231.0,175.0,67.0,108.0,89.0,7.0,8.0,14.0,4.0,18.0,15.0,27.0,227.5,109.75,8.25,18.25,2.0,2.0,1.0,1.0,2.0,1.5,2.0,2.0,2.0,1.0,0.0,7.0
1.0,2.0,1.0,0.0,0.0,0.0,0.0,0.0,0.0,0.0,0.0,1.0,1.0,0.0,0.0,1.0,1.0,0.0,0.0,0.0,0.0,481.0,355.0,264.0,223.0,57.0,50.0,40.0,28.0,12.0,11.0,9.0,8.0,6.0,12.0,12.0,330.75,43.75,10.0,10.5,4.0,5.0,3.0,0.5,3.0,1.5,8.0,1.5,3.0,1.0,0.0,13.5
4.0,6.0,2.0,2.0,1.0,0.0,0.0,2.0,0.0,3.0,1.0,8.0,1.0,3.0,2.0,4.0,0.0,0.0,0.0,0.0,0.0,880.0,1050.0,911.0,652.0,352.0,544.0,657.0,250.0,40.0,41.0,96.0,28.0,0.0,70.0,52.0,873.25,450.75,51.25,30.5,2.0,6.0,2.5,3.5,2.5,0.0,0.5,0.5,1.5,2.0,1.5,6.0
1.0,0.0,1.0,2.0,2.0,0.0,0.0,0.0,0.0,1.0,1.0,2.0,2.0,1.0,1.0,3.0,3.0,1.0,1.0,1.0,1.0,329.0,286.0,128.0,189.0,92.0,115.0,91.0,38.0,11.0,11.0,4.0,10.0,5.0,4.0,16.0,233.0,84.0,9.0,8.0,3.5,6.0,4.0,4.5,1.0,3.5,4.0,2.5,3.5,2.0,3.0,15.0
2.0,5.0,1.0,2.0,2.0,0.0,0.0,0.0,0.0,0.0,0.0,0.0,0.0,0.0,0.0,3.0,3.0,1.0,1.0,1.0,1.0,492.0,537.0,486.0,524.0,396.0,392.0,291.0,254.0,11.0,7.0,10.0,11.0,12.0,13.0,13.0,509.75,333.25,9.75,13.25,5.0,7.0,3.5,5.0,3.0,4.0,8.5,4.0,4.0,2.5,4.0,23.0
2.0,1.0,1.0,1.0,1.0,1.0,1.0,2.0,0.0,1.0,1.0,1.0,0.0,0.0,0.0,2.0,2.0,2.0,0.0,1.0,0.0,349.0,382.0,331.0,383.0,194.0,158.0,175.0,183.0,10.0,12.0,11.0,13.0,11.0,10.0,10.0,361.25,177.5,11.5,10.25,2.0,7.0,4.0,5.0,3.5,4.0,5.5,4.0,4.0,1.0,4.0,18.5
1.0,0.0,1.0,0.0,0.0,0.0,0.0,0.0,0.0,0.0,0.0,0.0,0.0,0.0,0.0,0.0,0.0,0.0,0.0,5.0,5.0,787.0,821.0,539.0,525.0,84.0,77.0,82.0,55.0,13.0,10.0,17.0,8.0,13.0,6.0,5.0,668.0,74.5,12.0,7.75,1.0,5.0,4.0,1.0,1.5,2.5,5.5,0.5,1.0,0.5,0.0,7.5
1.0,2.0,1.0,0.0,0.0,0.0,0.0,0.0,0.0,0.0,0.0,0.0,0.0,0.0,0.0,3.0,2.0,1.0,1.0,4.0,0.0,388.0,153.0,180.0,183.0,133.0,30.0,21.0,55.0,18.0,10.0,14.0,14.0,17.0,18.0,12.0,226.0,59.75,14.0,16.5,0.5,1.0,2.0,1.5,0.0,3.0,1.0,0.5,1.0,0.5,0.5,3.5
1.0,1.0,1.0,0.0,0.0,0.0,0.0,0.0,0.0,0.0,0.0,0.0,0.0,0.0,0.0,1.0,1.0,1.0,0.0,0.0,0.0,156.0,102.0,122.0,103.0,122.0,101.0,102.0,145.0,5.0,6.0,4.0,6.0,8.0,7.0,6.0,120.75,117.5,5.25,6.25,2.5,2.0,4.0,0.0,2.5,2.0,1.5,1.0,0.0,2.0,0.5,5.0
1.0,2.0,2.0,0.0,0.0,0.0,0.0,0.0,0.0,0.0,0.0,0.0,0.0,0.0,0.0,3.0,3.0,0.0,0.0,0.0,0.0,540.0,468.0,0.0,338.0,380.0,271.0,0.0,186.0,8.0,11.0,15.0,15.0,19.0,18.0,18.0,336.5,209.25,12.25,16.5,2.0,7.0,3.0,1.0,1.5,0.0,5.5,1.5,1.0,1.5,0.5,10.0
2.0,0.0,3.0,2.0,0.0,0.0,0.0,1.0,1.0,2.0,2.0,10.0,2.0,2.0,1.0,2.0,1.0,1.0,1.0,3.0,0.0,818.0,865.0,889.0,680.0,316.0,281.0,217.0,167.0,15.0,20.0,23.0,13.0,30.0,29.0,31.0,813.0,245.25,17.75,25.75,2.5,6.0,2.0,3.0,0.0,0.0,3.0,1.0,1.0,1.0,0.0,6.0
2.0,4.0,1.0,1.0,1.0,0.0,0.0,0.0,0.0,0.0,0.0,1.0,1.0,0.0,0.0,2.0,2.0,3.0,3.0,1.0,1.0,422.0,429.0,469.0,443.0,295.0,279.0,312.0,288.0,25.0,24.0,26.0,30.0,20.0,27.0,22.0,440.75,293.5,26.25,22.25,2.0,1.0,4.0,0.5,0.5,2.0,3.0,0.5,0.5,0.5,0.0,4.5
1.0,0.0,1.0,0.0,0.0,0.0,0.0,0.0,0.0,0.0,0.0,0.0,0.0,0.0,0.0,4.0,2.0,1.0,0.0,4.0,1.0,288.0,434.0,486.0,414.0,309.0,241.0,325.0,280.0,6.0,12.0,11.0,9.0,14.0,12.0,13.0,405.5,288.75,9.5,12.75,1.5,7.0,4.0,1.0,3.5,1.5,5.0,2.0,2.0,1.0,0.0,10.0
1.0,1.0,1.0,0.0,0.0,0.0,0.0,0.0,0.0,0.0,0.0,0.0,0.0,0.0,0.0,2.0,1.0,1.0,0.0,2.0,1.0,350.0,300.0,290.0,323.0,164.0,211.0,173.0,190.0,12.0,13.0,11.0,11.0,10.0,16.0,12.0,315.75,184.5,11.75,9.5,3.0,7.0,4.0,4.0,4.5,2.5,8.0,2.0,1.5,3.0,1.0,15.5
1.0,10.0,2.0,1.0,0.0,0.0,0.0,1.0,1.0,1.0,1.0,3.0,2.0,2.0,2.0,1.0,1.0,3.0,3.0,2.0,2.0,1231.0,1090.0,1257.0,1428.0,628.0,520.0,736.0,523.0,15.0,20.0,17.0,10.0,15.0,20.0,18.0,1251.5,601.75,15.5,16.75,1.5,7.0,3.5,4.5,1.5,4.0,4.5,0.0,3.0,2.5,3.5,13.5
1.0,2.0,1.0,0.0,0.0,0.0,0.0,0.0,0.0,1.0,1.0,2.0,2.0,0.0,0.0,2.0,2.0,0.0,0.0,6.0,6.0,259.0,432.0,306.0,392.0,168.0,163.0,162.0,174.0,18.0,0.0,15.0,5.0,10.0,11.0,12.0,347.25,166.75,9.5,11.5,4.5,6.0,4.0,2.5,0.5,2.5,6.0,0.5,4.0,4.0,1.0,15.5
1.0,1.0,1.0,0.0,0.0,0.0,0.0,0.0,0.0,0.0,0.0,0.0,0.0,0.0,0.0,3.0,3.0,1.0,1.0,0.0,0.0,895.0,856.0,240.0,549.0,62.0,35.0,12.0,150.0,10.0,11.0,8.0,11.0,10.0,9.0,14.0,635.0,64.75,10.0,13.25,2.0,4.0,2.5,0.5,0.5,1.5,5.0,2.5,3.0,2.0,2.5,15.0
1.0,2.0,2.0,1.0,1.0,0.0,0.0,0.0,0.0,1.0,0.0,2.0,2.0,0.0,0.0,1.0,1.0,1.0,1.0,0.0,0.0,260.0,240.0,223.0,213.0,115.0,111.0,106.0,151.0,7.0,9.0,5.0,10.0,19.0,11.0,11.0,234.0,120.75,7.75,11.5,2.0,2.0,4.0,2.0,2.5,3.5,5.5,1.5,1.0,4.0,0.0,12.0
2.0,2.0,2.0,0.0,0.0,0.0,0.0,2.0,2.0,0.0,0.0,0.0,0.0,0.0,0.0,2.0,2.0,2.0,0.0,0.0,0.0,415.0,365.0,400.0,240.0,300.0,260.0,470.0,350.0,15.0,16.0,9.0,8.0,6.0,11.0,8.0,355.0,345.0,12.0,9.5,3.0,3.0,1.5,4.0,4.0,4.0,2.0,0.5,0.0,2.5,0.5,5.5
1.0,2.0,2.0,0.0,0.0,0.0,0.0,0.0,0.0,0.0,0.0,1.0,1.0,0.0,0.0,1.0,1.0,0.0,0.0,0.0,0.0,414.0,377.0,493.0,310.0,94.0,77.0,94.0,82.0,3.0,4.0,4.0,7.0,11.0,7.0,5.0,398.5,86.75,4.5,7.25,2.0,5.0,2.0,1.5,3.0,1.5,7.0,3.0,2.0,0.0,1.5,13.5
1.0,2.0,2.0,0.0,0.0,0.0,0.0,0.0,0.0,0.0,0.0,1.0,0.0,0.0,0.0,1.0,1.0,0.0,0.0,0.0,0.0,298.0,221.0,319.0,225.0,145.0,136.0,127.0,93.0,7.0,4.0,5.0,7.0,13.0,6.0,9.0,265.75,125.25,5.75,8.75,2.0,5.0,4.0,2.0,3.0,3.5,4.0,0.5,2.0,2.0,2.5,11.0
1.0,3.0,2.0,0.0,0.0,0.0,0.0,0.0,0.0,0.0,0.0,0.0,0.0,0.0,0.0,2.0,2.0,0.0,0.0,0.0,0.0,394.0,432.0,340.0,320.0,386.0,180.0,167.0,148.0,22.0,20.0,16.0,10.0,14.0,17.0,11.0,371.5,220.25,17.0,13.75,2.0,3.0,2.0,3.0,0.5,2.5,0.5,1.5,3.0,1.0,1.5,7.5
2.0,0.0,2.0,0.0,0.0,0.0,0.0,0.0,0.0,0.0,0.0,0.0,0.0,0.0,0.0,2.0,2.0,0.0,0.0,0.0,0.0,305.0,260.0,299.0,150.0,616.0,482.0,519.0,237.0,12.0,16.0,17.0,3.0,10.0,8.0,6.0,253.5,463.5,12.0,7.25,1.0,2.0,3.0,1.5,3.5,3.0,3.5,1.0,1.5,2.0,0.0,8.0
2.0,0.0,2.0,0.0,0.0,0.0,0.0,2.0,1.0,0.0,0.0,3.0,1.0,0.0,0.0,2.0,0.0,0.0,0.0,0.0,0.0,1249.0,1355.0,1361.0,1104.0,747.0,1048.0,965.0,861.0,25.0,24.0,20.0,10.0,22.0,22.0,23.0,1267.25,905.25,19.75,21.25,1.5,5.0,2.5,0.0,2.0,1.0,2.0,0.5,1.0,2.5,1.5,7.5
1.0,0.0,0.0,0.0,0.0,0.0,0.0,0.0,0.0,0.0,0.0,1.0,1.0,0.0,0.0,2.0,1.0,0.0,0.0,0.0,0.0,728.0,560.0,617.0,492.0,341.0,335.0,361.0,251.0,20.0,19.0,14.0,23.0,19.0,13.0,19.0,599.25,322.0,19.0,15.75,2.0,4.0,4.0,2.0,1.5,1.0,6.0,0.5,2.0,2.5,1.5,12.5
2.0,3.0,2.0,0.0,0.0,0.0,0.0,0.0,0.0,0.0,0.0,1.0,1.0,0.0,0.0,2.0,2.0,1.0,1.0,0.0,0.0,602.0,595.0,786.0,402.0,274.0,245.0,242.0,154.0,30.0,26.0,26.0,14.0,25.0,21.0,22.0,596.25,228.75,24.0,21.0,2.0,5.0,3.0,1.0,2.0,0.0,6.0,2.0,2.0,1.5,0.0,11.5
2.0,5.0,2.0,0.0,0.0,0.0,0.0,1.0,1.0,1.0,1.0,0.0,0.0,0.0,0.0,1.0,1.0,1.0,1.0,0.0,0.0,2261.0,2234.0,1724.0,1942.0,369.0,387.0,305.0,200.0,23.0,12.0,19.0,15.0,21.0,20.0,17.0,2040.25,315.25,17.25,18.25,2.5,5.0,3.0,1.5,1.5,3.0,5.5,1.5,2.5,1.5,0.5,11.5
2.0,1.0,1.0,0.0,0.0,0.0,0.0,0.0,0.0,0.0,0.0,1.0,0.0,0.0,0.0,3.0,2.0,0.0,0.0,0.0,0.0,405.0,411.0,621.0,261.0,169.0,151.0,222.0,145.0,19.0,15.0,15.0,9.0,17.0,18.0,12.0,424.5,171.75,14.5,14.25,3.5,5.0,3.0,1.0,1.0,1.0,5.0,1.0,1.0,2.0,0.5,9.5
1.0,1.0,1.0,8.0,0.0,0.0,0.0,0.0,0.0,0.0,0.0,0.0,0.0,0.0,0.0,2.0,2.0,1.0,0.0,0.0,0.0,203.0,320.0,291.0,349.0,123.0,104.0,142.0,207.0,5.0,11.0,11.0,10.0,10.0,10.0,12.0,290.75,144.0,9.25,10.75,4.0,7.0,3.0,5.0,0.5,4.0,7.0,4.0,1.0,0.0,4.0,16.0
1.0,0.0,1.0,0.0,0.0,4.0,2.0,0.0,0.0,0.0,0.0,0.0,0.0,0.0,0.0,3.0,3.0,1.0,1.0,0.0,0.0,604.0,658.0,625.0,579.0,169.0,124.0,137.0,124.0,6.0,11.0,11.0,9.0,9.0,10.0,10.0,616.5,138.5,9.25,9.75,5.0,7.0,4.0,4.5,5.0,3.0,9.0,4.0,4.0,4.0,4.0,25.0
1.0,0.0,4.0,1.0,0.0,0.0,0.0,0.0,0.0,1.0,1.0,1.0,0.0,1.0,1.0,2.0,1.0,2.0,2.0,1.0,1.0,1311.0,547.0,274.0,282.0,298.0,327.0,189.0,176.0,15.0,16.0,20.0,22.0,23.0,17.0,31.0,603.5,247.5,18.25,22.25,3.0,7.0,3.0,2.0,5.0,3.0,3.0,0.5,2.0,3.0,1.0,9.5
2.0,7.0,7.0,1.0,1.0,1.0,1.0,0.0,0.0,1.0,1.0,2.0,1.0,1.0,1.0,2.0,2.0,1.0,1.0,0.0,0.0,325.0,379.0,353.0,297.0,263.0,287.0,231.0,208.0,16.0,12.0,19.0,19.0,16.0,16.0,17.0,338.5,247.25,16.5,16.25,3.0,0.0,3.0,1.5,2.5,1.5,7.5,0.0,2.5,3.5,0.0,13.5
3.0,12.0,4.0,2.0,1.0,0.0,0.0,1.0,0.0,2.0,2.0,2.0,2.0,1.0,1.0,3.0,2.0,3.0,0.0,0.0,0.0,493.0,832.0,480.0,346.0,277.0,466.0,376.0,249.0,15.0,16.0,16.0,13.0,25.0,24.0,19.0,537.75,342.0,15.0,20.0,2.0,0.0,2.5,1.5,2.5,3.5,2.5,0.0,2.0,1.0,1.0,6.5
1.0,5.0,1.0,1.0,1.0,0.0,0.0,2.0,0.0,2.0,1.0,6.0,2.0,0.0,0.0,8.0,2.0,1.0,1.0,2.0,1.0,769.0,635.0,685.0,646.0,676.0,538.0,602.0,541.0,19.0,14.0,20.0,22.0,48.0,25.0,35.0,683.75,589.25,18.75,32.75,1.5,5.0,3.0,4.5,2.5,3.0,0.5,1.0,2.5,2.5,3.0,9.5
1.0,1.0,1.0,1.0,0.0,0.0,0.0,0.0,0.0,0.0,0.0,1.0,1.0,0.0,0.0,2.0,1.0,1.0,1.0,0.0,0.0,661.0,367.0,641.0,509.0,327.0,263.0,286.0,291.0,18.0,17.0,18.0,17.0,18.0,16.0,24.0,544.5,291.75,17.5,19.75,2.0,4.0,2.0,3.0,2.5,2.0,4.5,2.0,2.5,2.0,1.0,12.0
1.0,0.0,2.0,0.0,0.0,0.0,0.0,0.0,0.0,0.0,0.0,1.0,1.0,0.0,0.0,1.0,1.0,1.0,1.0,2.0,2.0,321.0,336.0,214.0,303.0,134.0,198.0,150.0,243.0,15.0,15.0,15.0,15.0,12.0,12.0,15.0,293.5,181.25,15.0,13.5,4.0,7.0,4.0,2.5,5.0,1.0,2.5,0.0,0.5,1.0,1.0,5.0
2.0,3.0,1.0,1.0,1.0,0.0,0.0,1.0,1.0,1.0,1.0,5.0,5.0,1.0,1.0,1.0,1.0,1.0,1.0,1.0,1.0,125.0,195.0,178.0,408.0,125.0,174.0,127.0,408.0,20.0,24.0,22.0,17.0,25.0,22.0,23.0,226.5,208.5,20.75,22.5,2.5,6.0,3.5,3.0,0.5,3.0,3.5,2.5,2.0,1.0,2.0,11.0
2.0,2.0,2.0,0.0,0.0,1.0,1.0,0.0,0.0,1.0,1.0,1.0,1.0,0.0,0.0,2.0,0.0,1.0,0.0,1.0,0.0,631.0,890.0,591.0,604.0,325.0,359.0,180.0,269.0,21.0,23.0,24.0,21.0,38.0,32.0,34.0,679.0,283.25,22.25,33.75,2.5,2.0,4.0,0.5,2.0,2.0,3.0,1.0,1.0,3.0,1.0,9.0
3.0,4.0,3.0,1.0,1.0,0.0,0.0,0.0,0.0,1.0,1.0,0.0,0.0,0.0,0.0,3.0,2.0,0.0,0.0,0.0,0.0,301.0,226.0,352.0,149.0,155.0,120.0,140.0,97.0,25.0,26.0,20.0,10.0,23.0,17.0,15.0,257.0,128.0,20.25,19.5,3.0,2.0,2.0,0.0,1.0,2.5,1.0,0.0,1.5,0.5,0.0,3.0
2.0,0.0,1.0,0.0,0.0,0.0,0.0,0.0,0.0,0.0,0.0,0.0,0.0,0.0,0.0,3.0,2.0,0.0,0.0,0.0,0.0,986.0,914.0,1063.0,955.0,715.0,777.0,785.0,759.0,13.0,13.0,14.0,12.0,20.0,19.0,23.0,979.5,759.0,13.0,18.5,1.5,5.0,2.0,3.0,1.5,1.0,8.5,1.0,3.0,2.5,1.0,16.0
2.0,2.0,2.0,0.0,0.0,0.0,0.0,0.0,0.0,0.0,0.0,1.0,1.0,0.0,0.0,2.0,2.0,0.0,0.0,1.0,0.0,443.0,515.0,555.0,524.0,266.0,245.0,236.0,261.0,18.0,16.0,18.0,17.0,17.0,17.0,18.0,509.25,252.0,17.25,17.25,4.5,6.0,4.0,2.0,3.0,2.0,9.0,2.0,1.5,3.0,0.0,15.5
1.0,2.0,2.0,0.0,0.0,0.0,0.0,1.0,1.0,0.0,0.0,0.0,0.0,0.0,0.0,2.0,2.0,2.0,2.0,3.0,3.0,564.0,612.0,599.0,775.0,373.0,474.0,404.0,419.0,18.0,13.0,20.0,20.0,17.0,17.0,15.0,637.5,417.5,17.75,16.25,3.0,7.0,4.0,4.0,4.5,3.0,3.0,4.0,3.0,0.5,3.0,13.5
4.0,10.0,2.0,1.0,0.0,0.0,0.0,2.0,2.0,2.0,0.0,3.0,1.0,1.0,0.0,2.0,0.0,3.0,1.0,0.0,0.0,631.0,760.0,701.0,511.0,323.0,264.0,338.0,226.0,16.0,14.0,15.0,11.0,31.0,30.0,31.0,650.75,287.75,14.0,31.0,1.5,2.0,4.0,1.5,3.0,2.0,3.0,0.5,1.5,1.5,2.0,8.5
1.0,1.0,1.0,0.0,0.0,0.0,0.0,0.0,0.0,1.0,1.0,1.0,1.0,0.0,0.0,1.0,1.0,1.0,1.0,0.0,0.0,5.0,5.0,8.0,8.0,4.0,6.0,8.0,8.0,8.0,5.0,8.0,8.0,8.0,8.0,4.0,6.5,6.5,7.25,7.0,3.0,7.0,2.5,2.0,2.0,0.5,1.0,2.0,2.5,0.0,0.5,6.0
1.0,0.0,0.0,0.0,0.0,0.0,0.0,0.0,0.0,0.0,0.0,0.0,0.0,0.0,0.0,2.0,2.0,1.0,1.0,0.0,0.0,260.0,174.0,199.0,181.0,124.0,102.0,127.0,83.0,3.0,4.0,7.0,4.0,12.0,9.0,3.0,203.5,109.0,4.5,7.75,1.5,1.0,2.0,2.0,2.0,3.0,5.0,1.0,0.0,3.0,2.0,11.0
1.0,1.0,1.0,0.0,0.0,0.0,0.0,0.0,0.0,0.0,0.0,0.0,0.0,0.0,0.0,1.0,0.0,0.0,0.0,7.0,1.0,556.0,514.0,546.0,483.0,296.0,308.0,332.0,299.0,10.0,9.0,10.0,9.0,14.0,10.0,13.0,524.75,308.75,9.5,12.25,2.5,3.0,2.5,1.5,3.0,0.0,6.0,0.5,0.5,2.0,0.0,9.0
2.0,3.0,2.0,0.0,0.0,0.0,0.0,3.0,3.0,1.0,0.0,1.0,1.0,0.0,0.0,2.0,0.0,1.0,1.0,0.0,0.0,301.0,290.0,308.0,213.0,155.0,140.0,167.0,116.0,6.0,6.0,8.0,10.0,8.0,6.0,2.0,278.0,144.5,7.5,4.25,2.0,2.0,3.0,2.0,2.0,3.0,4.5,2.0,1.5,3.0,1.0,12.0
1.0,0.0,1.0,0.0,0.0,0.0,0.0,0.0,0.0,0.0,0.0,1.0,1.0,0.0,0.0,1.0,0.0,0.0,0.0,1.0,1.0,588.0,493.0,495.0,426.0,292.0,133.0,167.0,123.0,12.0,10.0,13.0,12.0,14.0,15.0,15.0,500.5,178.75,11.75,14.0,2.5,7.0,2.5,2.5,1.5,3.5,3.5,1.5,0.5,0.5,3.0,9.0
2.0,1.0,2.0,0.0,0.0,0.0,0.0,0.0,0.0,0.0,0.0,1.0,1.0,0.0,0.0,2.0,2.0,0.0,0.0,0.0,0.0,232.0,312.0,201.0,216.0,95.0,157.0,109.0,131.0,6.0,8.0,8.0,7.0,9.0,12.0,13.0,240.25,123.0,7.25,10.25,3.5,7.0,2.5,1.5,1.0,2.0,8.5,1.5,0.5,5.0,0.5,16.0
1.0,6.0,2.0,0.0,0.0,0.0,0.0,0.0,0.0,1.0,0.0,1.0,0.0,0.0,0.0,4.0,0.0,0.0,0.0,1.0,0.0,1301.0,1266.0,1079.0,887.0,914.0,883.0,811.0,607.0,20.0,19.0,23.0,16.0,38.0,42.0,21.0,1133.25,803.75,19.5,30.0,0.0,1.0,1.0,0.0,0.5,0.5,7.5,0.5,1.0,3.0,3.5,15.5
2.0,0.0,2.0,0.0,0.0,0.0,0.0,0.0,0.0,0.0,0.0,1.0,1.0,0.0,0.0,2.0,2.0,2.0,2.0,0.0,0.0,314.0,213.0,206.0,210.0,250.0,116.0,106.0,161.0,15.0,17.0,18.0,12.0,13.0,12.0,10.0,235.75,158.25,15.5,10.5,1.5,7.0,3.0,0.0,2.5,3.0,1.5,0.0,1.0,1.0,0.5,4.0
1.0,1.0,1.0,0.0,0.0,0.0,0.0,0.0,0.0,0.0,0.0,0.0,0.0,0.0,0.0,2.0,2.0,1.0,1.0,6.0,6.0,131.0,108.0,78.0,127.0,332.0,244.0,192.0,308.0,3.0,5.0,2.0,3.0,7.0,6.0,7.0,111.0,269.0,3.25,7.25,4.0,4.0,2.0,4.0,4.0,3.0,5.0,1.0,1.0,2.0,1.5,10.5
0.0,2.0,0.0,0.0,0.0,0.0,0.0,0.0,0.0,0.0,0.0,0.0,0.0,0.0,0.0,3.0,2.0,0.0,0.0,1.0,1.0,420.0,381.0,546.0,427.0,145.0,116.0,120.0,207.0,0.0,0.0,0.0,0.0,50.0,50.0,61.0,443.5,147.0,0.0,56.5,0.0,3.0,2.5,5.0,1.0,0.5,1.5,0.5,1.0,1.0,0.0,4.0
1.0,2.0,2.0,2.0,0.0,0.0,0.0,1.0,1.0,1.0,1.0,0.0,0.0,1.0,1.0,3.0,3.0,1.0,1.0,2.0,2.0,375.0,411.0,320.0,300.0,224.0,273.0,194.0,270.0,17.0,15.0,13.0,18.0,29.0,23.0,24.0,351.5,240.25,15.75,24.5,3.0,7.0,2.5,3.5,2.5,3.0,4.0,1.5,2.5,1.5,1.5,11.0
1.0,0.0,1.0,0.0,0.0,0.0,0.0,0.0,0.0,0.0,0.0,3.0,2.0,0.0,0.0,0.0,0.0,0.0,0.0,1.0,1.0,592.0,610.0,545.0,600.0,358.0,366.0,370.0,372.0,12.0,9.0,7.0,7.0,13.0,20.0,10.0,586.75,366.5,8.75,15.75,2.0,5.0,3.0,1.5,1.0,2.0,3.0,1.0,3.0,1.0,0.0,8.0
2.0,0.0,3.0,0.0,0.0,0.0,0.0,0.0,0.0,0.0,0.0,0.0,0.0,1.0,1.0,5.0,2.0,0.0,0.0,0.0,0.0,625.0,521.0,592.0,681.0,353.0,318.0,302.0,338.0,24.0,24.0,22.0,23.0,23.0,19.0,23.0,604.75,327.75,23.25,22.25,1.5,4.0,3.0,0.0,0.5,1.0,3.0,1.0,1.5,1.0,0.0,6.5
2.0,2.0,2.0,0.0,0.0,0.0,0.0,0.0,0.0,0.0,0.0,0.0,0.0,0.0,0.0,3.0,2.0,1.0,1.0,0.0,0.0,530.0,484.0,448.0,367.0,328.0,317.0,278.0,143.0,10.0,2.0,11.0,7.0,15.0,14.0,5.0,457.25,266.5,7.5,9.75,1.5,5.0,3.0,1.5,0.5,0.0,6.0,2.0,2.5,2.0,0.5,13.0
1.0,0.0,2.0,0.0,0.0,0.0,0.0,0.0,0.0,0.0,0.0,0.0,0.0,0.0,0.0,3.0,2.0,0.0,0.0,0.0,0.0,281.0,261.0,338.0,195.0,169.0,112.0,150.0,76.0,7.0,5.0,9.0,10.0,11.0,7.0,18.0,268.75,126.75,7.75,14.75,1.0,6.0,3.5,3.0,2.5,3.0,3.5,2.0,1.5,1.5,0.5,9.0
3.0,9.0,2.0,2.0,0.0,0.0,0.0,1.0,1.0,1.0,0.0,4.0,0.0,1.0,0.0,3.0,1.0,1.0,0.0,4.0,0.0,1060.0,973.0,1134.0,899.0,616.0,544.0,698.0,538.0,17.0,16.0,19.0,15.0,45.0,46.0,31.0,1016.5,599.0,16.75,44.0,4.0,7.0,4.0,5.0,5.0,4.0,5.0,1.5,3.0,3.5,0.0,13.0
2.0,2.0,4.0,1.0,1.0,0.0,0.0,0.0,0.0,0.0,0.0,3.0,3.0,0.0,0.0,0.0,0.0,1.0,0.0,0.0,0.0,751.0,699.0,714.0,529.0,313.0,150.0,214.0,160.0,16.0,18.0,17.0,13.0,16.0,17.0,19.0,673.25,209.25,16.0,17.5,3.5,1.0,2.5,0.0,3.5,2.0,5.0,1.5,1.0,1.5,2.0,11.0
1.0,10.0,2.0,1.0,0.0,0.0,0.0,1.0,1.0,1.0,1.0,3.0,2.0,2.0,2.0,1.0,1.0,3.0,3.0,2.0,2.0,1231.0,1090.0,1257.0,1428.0,628.0,520.0,736.0,532.0,15.0,20.0,17.0,10.0,15.0,20.0,18.0,1251.5,604.0,15.5,16.75,1.5,6.0,3.0,3.0,1.0,3.5,5.0,2.0,3.0,4.0,4.0,18.0
2.0,3.0,1.0,0.0,0.0,0.0,0.0,0.0,0.0,0.0,0.0,2.0,1.0,0.0,0.0,1.0,1.0,2.0,1.0,1.0,1.0,414.0,434.0,399.0,481.0,127.0,104.0,73.0,96.0,8.0,7.0,10.0,3.0,13.0,8.0,7.0,432.0,100.0,7.0,8.75,5.0,7.0,4.0,2.5,5.0,2.5,9.0,2.0,4.0,2.0,3.0,20.0
2.0,3.0,2.0,0.0,0.0,0.0,0.0,0.0,0.0,0.0,0.0,1.0,1.0,0.0,0.0,2.0,2.0,1.0,1.0,4.0,4.0,467.0,408.0,439.0,405.0,258.0,233.0,241.0,255.0,8.0,6.0,5.0,8.0,26.0,39.0,42.0,429.75,246.75,6.75,33.75,2.5,6.0,2.0,3.0,5.0,3.0,8.0,3.0,4.0,4.0,4.0,23.0
1.0,1.0,2.0,0.0,0.0,0.0,0.0,1.0,1.0,0.0,0.0,0.0,0.0,0.0,0.0,2.0,2.0,2.0,2.0,3.0,3.0,564.0,612.0,599.0,775.0,373.0,474.0,404.0,419.0,18.0,13.0,20.0,20.0,17.0,17.0,15.0,637.5,417.5,17.75,16.25,3.0,7.0,4.0,4.0,4.0,3.0,3.0,3.0,3.0,1.0,3.0,13.0
1.0,1.0,1.0,0.0,0.0,0.0,0.0,0.0,0.0,0.0,0.0,0.0,0.0,0.0,0.0,2.0,1.0,0.0,0.0,0.0,0.0,249.0,192.0,245.0,244.0,294.0,231.0,254.0,285.0,5.0,6.0,7.0,9.0,6.0,5.0,6.0,232.5,266.0,6.75,5.5,2.0,2.0,2.0,2.0,2.5,3.0,1.5,2.5,1.5,3.0,0.0,8.5
3.0,3.0,1.0,0.0,0.0,0.0,0.0,0.0,0.0,0.0,0.0,2.0,0.0,0.0,0.0,2.0,1.0,1.0,0.0,0.0,0.0,524.0,422.0,333.0,457.0,366.0,374.0,357.0,239.0,12.0,13.0,15.0,13.0,14.0,13.0,13.0,434.0,334.0,13.25,13.25,1.0,1.0,2.0,0.0,0.0,0.0,3.0,0.5,1.5,4.0,1.5,10.5
1.0,1.0,1.0,0.0,0.0,0.0,0.0,1.0,0.0,0.0,0.0,0.0,0.0,0.0,0.0,2.0,2.0,1.0,0.0,11.0,0.0,181.0,216.0,233.0,197.0,124.0,128.0,133.0,134.0,12.0,10.0,8.0,8.0,15.0,9.0,17.0,206.75,129.75,9.5,13.0,2.0,3.0,3.0,4.0,4.0,2.5,4.5,2.0,2.5,2.5,2.0,13.5
12.0,10.0,100.0,12.0,12.0,12.0,12.0,12.0,12.0,12.0,12.0,12.0,12.0,12.0,12.0,12.0,12.0,12.0,12.0,12.0,12.0,12.0,12.0,12.0,12.0,13.0,13.0,14.0,15.0,1.0,1.0,2.0,3.0,4.0,5.0,6.0,12.0,13.75,1.75,4.5,2.5,4.0,2.5,3.0,2.5,2.0,5.0,2.0,1.5,0.5,0.5,9.5
1.0,0.0,1.0,0.0,0.0,0.0,0.0,0.0,0.0,0.0,0.0,0.0,0.0,0.0,0.0,2.0,1.0,0.0,0.0,0.0,0.0,330.0,324.0,401.0,403.0,249.0,150.0,190.0,188.0,8.0,9.0,11.0,6.0,10.0,9.0,16.0,364.5,194.25,8.5,12.75,2.5,1.0,2.0,0.5,3.0,0.0,7.0,1.0,2.0,1.5,0.5,12.0
3.0,4.0,1.0,0.0,0.0,0.0,0.0,0.0,0.0,0.0,0.0,0.0,0.0,0.0,0.0,2.0,2.0,0.0,0.0,2.0,0.0,377.0,426.0,393.0,304.0,194.0,200.0,187.0,202.0,9.0,7.0,7.0,7.0,7.0,5.0,6.0,375.0,195.75,7.5,6.75,2.5,5.0,3.0,1.0,3.0,3.0,4.5,1.0,0.5,1.0,1.0,8.0
2.0,5.0,2.0,1.0,1.0,0.0,0.0,0.0,0.0,0.0,0.0,0.0,0.0,0.0,0.0,1.0,1.0,0.0,0.0,0.0,0.0,476.0,877.0,627.0,500.0,245.0,309.0,232.0,342.0,15.0,21.0,17.0,11.0,16.0,36.0,26.0,620.0,282.0,16.0,23.25,3.5,5.0,2.5,0.0,1.5,0.0,6.5,2.5,2.0,2.0,0.5,13.5
4.0,8.0,2.0,1.0,0.0,0.0,0.0,2.0,2.0,1.0,1.0,6.0,6.0,0.0,0.0,2.0,2.0,1.0,1.0,0.0,0.0,491.0,382.0,383.0,330.0,405.0,286.0,258.0,311.0,10.0,8.0,10.0,12.0,24.0,15.0,19.0,396.5,315.0,10.0,19.0,2.5,1.0,3.0,4.0,2.5,4.0,4.0,1.5,3.0,4.0,1.5,14.0
2.0,4.0,2.0,0.0,0.0,0.0,0.0,0.0,0.0,0.0,0.0,2.0,1.0,1.0,1.0,6.0,0.0,0.0,0.0,1.0,0.0,1331.0,1089.0,927.0,904.0,538.0,378.0,306.0,299.0,10.0,9.0,15.0,11.0,11.0,12.0,8.0,1062.75,380.25,11.25,10.0,4.0,7.0,4.0,3.0,4.5,0.5,7.5,3.0,3.0,4.0,2.0,19.5
1.0,2.0,2.0,2.0,0.0,0.0,0.0,1.0,1.0,1.0,1.0,0.0,0.0,1.0,1.0,3.0,3.0,1.0,1.0,2.0,2.0,375.0,411.0,320.0,300.0,224.0,273.0,194.0,270.0,17.0,15.0,13.0,18.0,29.0,23.0,24.0,351.5,240.25,15.75,24.5,2.5,7.0,2.5,3.5,2.5,3.0,4.5,2.5,2.5,1.5,3.5,14.5
3.0,4.0,1.0,0.0,0.0,0.0,0.0,0.0,0.0,1.0,1.0,1.0,1.0,0.0,0.0,1.0,1.0,2.0,0.0,2.0,0.0,319.0,224.0,254.0,219.0,137.0,110.0,114.0,88.0,16.0,15.0,12.0,10.0,19.0,18.0,12.0,254.0,112.25,13.25,15.5,2.0,5.0,2.0,1.0,3.5,1.5,8.0,3.0,2.0,1.0,2.0,16.0
1.0,0.0,1.0,0.0,0.0,0.0,0.0,0.0,0.0,0.0,0.0,0.0,0.0,0.0,0.0,2.0,2.0,1.0,0.0,0.0,0.0,275.0,248.0,258.0,266.0,107.0,105.0,94.0,128.0,7.0,8.0,6.0,8.0,9.0,9.0,9.0,261.75,108.5,7.25,8.75,3.0,7.0,2.5,3.5,3.5,3.0,5.5,4.0,3.0,0.5,4.0,17.0
1.0,0.0,1.0,0.0,0.0,0.0,0.0,0.0,0.0,0.0,0.0,0.0,0.0,0.0,0.0,2.0,2.0,1.0,0.0,1.0,0.0,288.0,303.0,248.0,225.0,135.0,163.0,128.0,114.0,5.0,9.0,8.0,7.0,12.0,9.0,7.0,266.0,135.0,7.25,8.75,4.5,7.0,3.5,2.5,2.5,3.0,8.0,4.0,4.0,1.5,3.0,20.5
3.0,11.0,1.0,0.0,0.0,0.0,0.0,0.0,0.0,1.0,0.0,2.0,1.0,0.0,0.0,0.0,0.0,0.0,0.0,0.0,0.0,1247.0,869.0,781.0,467.0,538.0,416.0,394.0,215.0,23.0,22.0,26.0,5.0,23.0,28.0,17.0,841.0,390.75,19.0,20.25,2.0,6.0,4.0,1.0,2.0,1.5,2.0,2.0,1.5,0.0,2.0,7.5
1.0,0.0,2.0,0.0,0.0,0.0,0.0,0.0,0.0,0.0,0.0,0.0,0.0,0.0,0.0,2.0,1.0,1.0,1.0,1.0,1.0,599.0,588.0,675.0,534.0,385.0,435.0,476.0,363.0,10.0,13.0,12.0,13.0,14.0,14.0,13.0,599.0,414.75,12.0,14.0,3.0,7.0,3.5,2.5,1.5,1.0,4.0,0.5,2.0,1.0,1.5,9.0
1.0,0.0,3.0,0.0,0.0,0.0,0.0,0.0,0.0,0.0,0.0,0.0,0.0,0.0,0.0,2.0,2.0,2.0,2.0,1.0,1.0,356.0,220.0,278.0,341.0,208.0,106.0,131.0,210.0,4.0,5.0,4.0,5.0,10.0,7.0,7.0,298.75,163.75,4.5,7.75,3.0,6.0,2.0,3.0,3.5,1.0,6.0,0.0,1.0,4.0,3.0,14.0
1.0,0.0,2.0,0.0,0.0,0.0,0.0,0.0,0.0,0.0,0.0,0.0,0.0,0.0,0.0,2.0,2.0,0.0,0.0,0.0,0.0,593.0,622.0,515.0,237.0,167.0,114.0,93.0,56.0,15.0,10.0,8.0,6.0,23.0,17.0,14.0,491.75,107.5,9.75,15.75,2.5,1.0,3.0,3.0,1.5,3.0,4.0,2.0,2.5,2.5,1.5,12.5
1.0,0.0,1.0,0.0,0.0,0.0,0.0,0.0,0.0,0.0,0.0,1.0,1.0,0.0,0.0,1.0,1.0,0.0,0.0,0.0,0.0,467.0,564.0,297.0,327.0,208.0,198.0,174.0,143.0,12.0,10.0,10.0,12.0,14.0,15.0,11.0,413.75,180.75,11.0,11.75,2.5,3.0,3.0,1.5,1.0,2.0,3.5,2.5,2.0,1.5,0.5,10.0
2.0,0.0,2.0,0.0,0.0,0.0,0.0,0.0,0.0,0.0,0.0,2.0,2.0,0.0,0.0,2.0,2.0,0.0,0.0,0.0,0.0,244.0,154.0,198.0,216.0,215.0,208.0,371.0,182.0,19.0,17.0,13.0,8.0,22.0,19.0,22.0,203.0,244.0,14.25,20.25,2.0,4.0,3.0,3.0,0.5,2.0,2.0,2.5,1.5,1.0,1.5,8.5
2.0,0.0,3.0,0.0,0.0,0.0,0.0,0.0,0.0,0.0,0.0,1.0,1.0,0.0,0.0,1.0,0.0,1.0,1.0,1.0,1.0,658.0,606.0,975.0,1021.0,560.0,463.0,746.0,913.0,20.0,16.0,16.0,24.0,10.0,16.0,39.0,815.0,670.5,19.0,21.75,4.5,7.0,3.0,2.5,3.0,3.5,6.5,3.5,3.0,1.0,3.0,17.0
1.0,1.0,1.0,1.0,0.0,0.0,0.0,0.0,0.0,0.0,0.0,1.0,1.0,0.0,0.0,2.0,1.0,1.0,1.0,0.0,0.0,661.0,367.0,641.0,509.0,327.0,263.0,286.0,291.0,18.0,17.0,18.0,17.0,18.0,16.0,24.0,544.5,291.75,17.5,19.75,2.0,4.0,2.0,3.0,2.5,2.0,4.5,2.0,3.0,2.0,0.0,11.5
3.0,3.0,1.0,0.0,0.0,0.0,0.0,0.0,0.0,0.0,0.0,2.0,0.0,0.0,0.0,2.0,1.0,1.0,0.0,0.0,0.0,524.0,422.0,333.0,457.0,366.0,374.0,357.0,239.0,12.0,13.0,15.0,13.0,14.0,13.0,13.0,434.0,334.0,13.25,13.25,1.5,1.0,2.0,0.0,0.0,0.0,2.0,0.5,1.5,4.0,1.5,9.5
5.0,3.0,2.0,2.0,1.0,0.0,0.0,0.0,0.0,1.0,1.0,6.0,6.0,0.0,0.0,1.0,1.0,1.0,1.0,1.0,1.0,463.0,325.0,510.0,496.0,707.0,298.0,317.0,291.0,19.0,11.0,14.0,20.0,28.0,26.0,18.0,448.5,403.25,16.0,21.0,5.0,5.0,2.5,4.0,3.5,3.5,4.5,1.0,1.5,1.5,1.5,10.0
1.0,0.0,4.0,0.0,0.0,0.0,0.0,0.0,0.0,0.0,0.0,1.0,1.0,0.0,0.0,2.0,2.0,0.0,0.0,0.0,0.0,399.0,361.0,412.0,365.0,56.0,54.0,54.0,40.0,16.0,14.0,17.0,15.0,13.0,16.0,17.0,384.25,51.0,15.5,16.25,0.5,5.0,2.5,1.0,1.0,2.0,6.0,1.0,0.5,2.0,1.5,11.0
1.0,1.0,1.0,0.0,0.0,0.0,0.0,5.0,0.0,0.0,0.0,0.0,0.0,0.0,0.0,3.0,3.0,1.0,1.0,0.0,0.0,180.0,298.0,380.0,115.0,309.0,245.0,196.0,310.0,4.0,7.0,3.0,8.0,11.0,9.0,12.0,243.25,265.0,5.5,11.25,4.5,5.0,3.0,4.0,3.5,3.0,5.0,1.5,1.0,2.0,2.0,11.5
